agentId,slug,displayName,storeName,Products,address1,city,state,zip,supportPhone,supportContactUs,contactFirstName,contactLastName,contactMiddleName,contactEmailAddress,Product code (Classic),Product code (Platinum),Product code (Business),agentWebsite,visa-platinum:PidtFisProductId,visa-platinum:PidtFisSubproductId,visa-platinum-rewards:PidtFisProductId,visa-platinum-rewards:PidtFisSubproductId,visa-platinum-cash-rewards:PidtFisProductId,visa-platinum-cash-rewards:PidtFisSubproductId
19795,abbybank,Abby Bank,Abby Bank,Business,,Abbotsford,"WI
",54405,,,,,,,,,,https://www.abbybank.com,GRE ,380,GRE ,381,GRE ,382
13080,algonquinstatebank,Algonquin State Bank,Algonquin State Bank,All,,Algonquin,IL,60102,,,,,,,,,,http://www.algonquinstatebank.com,AQN ,380,AQN ,381,AQN ,382
5283,americanbankbd,American Bank of Beaver Dam,American Bank of Beaver Dam,All,,Beaver Dam,WI,53916,,,,,,,,,,www.americanbankbd.com,BEA ,380,BEA ,381,BEA ,382
33812,anbfc-bank,American National Bank,American National Bank - Fox Cities,Business,,Appleton,WI,54911,,,,,,,,,,http://www.anbfc.bank,AMN ,380,AMN ,381,AMN ,382
9104,asbtripoli,American Savings Bank,American Savings Bank,All,,Tripoli,IA,50676,,,,,,,,,,http://www.asbtripoli.com,TRI,380,TRI,381,TRI,382
228,ambankiowa,American State Bank,American State Bank,Business,,Sioux Center,IA,51250,,,,,,,,,,https://www.ambankiowa.com/,ALT ,380,ALT ,381,ALT ,382
17453,appleriverstatebank,Apple River State Bank,Apple River State Bank,Business,,Apple River,IL,61001,,,,,,,,,,www.appleriverstatebank.com,APL ,380,APL ,381,APL ,382
11343,ashtonstatebank,Ashton State Bank,Ashton State Bank,All,,Ashton,IA,51232,,,,,,,,,,https://ashtonstatebank.com/,ASH ,380,ASH ,381,ASH ,382
9096,atkinssavingsbank,Atkins Savings Bank & Trust,Atkins Savings Bank & Trust,All,,Atkins,IA,52206,,,,,,,,,,http://www.atkinssavingsbank.com,KIN ,380,KIN ,381,KIN ,382
5304,bankfirstwi-bank,Bank First NA,Bank First NA,Business,,Manitowoc,WI,54221,,,,,,,,,,https://bankfirstwi.bank,TOM,380,TOM,381,TOM,382
12549,bankofcalhouncounty,Bank Of Calhoun County,Bank Of Calhoun County,All,,Hardin,IL,62047,,,,,,,,,,http://www.bankofcalhouncounty.com,CAL ,380,CAL ,381,CAL ,382
12836,porterstatebank,Porter Bank,Porter Bank,All,,Porter,IN,46304,,,,,,,,,,http://www.porterstatebank.com,PTR ,380,PTR ,381,PTR ,382
14078,blackhawkbank-bbow,Blackhawk Bank,Blackhawk Bank,Business,,Beloit,WI,53511,,,,,,,,,,www.blackhawkbank.com,MCH  ,380,MCH  ,381,MCH  ,382
12717,bridge-bank,Bridge Community Bank,Bridge Community Bank,Business,,Mechanicsville,IA,52306,,,,,,,,,,https://www.bridge.bank/,BCB ,380,BCB ,381,BCB ,382
10844,bvnb,Buena Vista National,Buena Vista National,All,,Chester,IL,62233,,,,,,,,,,http://www.bvnb.com,CHE ,380,CHE ,381,CHE ,382
34074,capitolbank,Capitol Bank,Capitol Bank,All,,Madison,WI,53717,,,,,,,,,,http://www.capitolbank.com,CAP,380,CAP,381,CAP,382
14694,cedarvalleybank,Cedar Valley Bank & Trust,Cedar Valley Bank & Trust,Business,,La Porte City,IA,50651,,,,,,,,,,www.cedarvalleybank.com,LAP ,380,LAP ,381,LAP ,382
13046,ccf-us,Citizens Community Federal,Citizens Community Federal,Business,,Tomah,WI,54660,,,,,,,,,,https://www.ccf.us/,TOH ,380,TOH ,381,TOH ,382
35477,bankatcfb,Citizens First Bank,Citizens First Bank,Business,,Clinton,IA,52732,,,,,,,,,,www.bankatcfb.com,TON ,380,TON ,381,TON ,382
12128,bankingwithcsb,Citizens Savings Bank,Citizens Savings Bank,Business,,Spillville,IA,52168,,,,,,,,,,www.bankingwithcsb.com,SPI ,380,SPI ,381,SPI ,382
11595,cfbank,Community First Bank,Community First Bank,Business,,Boscobel,WI,53805,,,,,,,,,,https://www.cfbank.com/,LIV ,380,LIV ,381,LIV ,382
57511,cfbindiana,Community First Bank Of Indiana,Community First Bank Of Indiana,All,,Kokomo,IN,46901,,,,,,,,,,http://www.cfb-kokomo.com,KOK ,380,KOK ,381,KOK ,382
8067,communitystatebank,Community State Bank,Community State Bank,All,,Brook,IN,47922,,,,,,,,,,http://www.communitystatebank.com,BRK ,380,BRK ,381,BRK ,382
8058,csbswin,Community State Bank of Southwestern Indiana,Community State Bank of Southwestern Indiana,Business,,Cynthiana,IN,47612,,,,,,,,,,http://www.csbswin.com/,CSB ,380,CSB ,381,CSB ,382
10004,ergobank,Ergo Bank,Ergo Bank,All,,Markesan,WI,53946,,,,,,,,,,https://www.ergobank.com/,ERG ,380,ERG ,381,ERG ,382
13242,fandmstbk,Farmers And Merchants State Bank,Farmers And Merchants State Bank,Business,,Waterloo,WI,53594,,,,,,,,,,www.FandMStBk.com,FAM ,380,FAM ,381,FAM ,382
9106,yalebankiowa,Farmers State Bank,Farmers State Bank,Business,,Yale,IA,50277,,,,,,,,,,https://secure.yalebankiowa.com/Pages/Default.html,YAL ,380,YAL ,381,YAL ,382
8510,ftnsbank-net,Farmers Trust & Savings Bank,Farmers Trust & Savings Bank,Business,,Earling,IA,51530,,,,,,,,,,http://www.ftnsbank.net,EAR ,380,EAR ,381,EAR ,382
14251,fidelity-bank,Fidelity Bank,Fidelity Bank,All,,West Des Moines,IA,50266,,,,,,,,,,www.fidelity-bank.com,WDM ,380,WDM ,381,WDM ,382
3657,firstambank,First American Bank,First American Bank,Business,,Elk Grove Village,IL,60007,,,,,,,,,,http://www.firstambank.com,KEN  ,380,KEN  ,381,KEN  ,382
31516,firstfederalbanking,First Federal Savings Bank,First Federal Savings Bank,Business,,Rochester,IN,46975,,,,,,,,,,http://www.firstfederalbanking.com,ROC ,380,ROC ,381,ROC ,382
20179,firstindependence,First Independence Bank,First Independence Bank,Business,,Detroit,MI,48202,,,,,,,,,,http://www.firstindependence.com,FIB ,380,FIB ,381,FIB ,382
5297,fnb-hartford,First National Bank,First National Bank,All,,Hartford,WI,53027,,,,,,,,,,www.fnb-hartford.com,HFD,380,HFD,381,HFD,382
3639,fnbclinton,First National Bank & Trust,First National Bank & Trust,Business,,Clinton,IL,61727,,,,,,,,,,http://www.fnbclinton.com,CIL ,380,CIL ,381,CIL ,382
1545,fnb247,First National Bank Ames,First National Bank Ames,Business,,Ames,IA,50010,,,,,,,,,,https://www.fnb247.com/,CLK  ,380,CLK  ,381,CLK  ,382
14400,bank1stnational,First National Bank In Tigerton,First National Bank In Tigerton,Business,,Tigerton,WI,54486,,,,,,,,,,http://www.bank1stnational.com,TIG,380,TIG,381,TIG,382
4364,fnbmonterey,First National Bank Of Monterey,First National Bank Of Monterey,Business,,Monterey,IN,46960,,,,,,,,,,http://www.fnbmonterey.com,REY ,380,REY ,381,REY ,382
3826,fnbokaw,First National Bank Of Okawville,First National Bank Of Okawville,All,,Okawville,IL,62271,,,,,,,,,,http://www.fnbokaw.com,OKA,380,OKA,381,OKA,382
3720,fnbpana,First National Bank,First National Bank Of Pana,All,,Pana,IL,62557,,,,,,,,,,http://www.fnbpana.com,PAN,380,PAN,381,PAN,382
29961,fsbbank-net,First Savings Bank,First Savings Bank,Business,,Clarksville,IN,47129,,,,,,,,,,http://www.fsbbank.net/,ODO  ,380,ODO  ,381,ODO  ,382
57910,fsb-nashua,First State Bank,First State Bank,All,,Nashua,IA,50658,,,,,,,,,,http://WWW.FSB-NASHUA.COM,NSH ,380,NSH ,381,NSH ,382
8500,firststbk,First State Bank,First State Bank of Ida Grove,All,,Ida Grove,IA,51445,,,,,,,,,,www.firststbk.com,IDA ,380,IDA ,381,IDA ,382
8745,bfirst,First State Bank,First State Bank Of Middlebury,Business,,Middlebury,IN,46540,,,,,,,,,,bfirst.bank,MID ,380,MID ,381,MID ,382
15271,bankfirststate,First State Bank,First State Bank of New London,Business,,New London,WI,54961,,,,,,,,,,www.bankfirststate.com,LON ,380,LON ,381,LON ,382
254,firstwhitneybank,First Whitney Bank And Trust,First Whitney Bank And Trust,Business,,Atlantic,IA,50022,,,,,,,,,,www.firstwhitneybank.com,WHI ,380,WHI ,381,WHI ,382
17513,fishernational,Fisher National Bank,Fisher National Bank,Business,,Fisher,IL,61843,,,,,,,,,,http://www.fishernational.com,FSH ,380,FSH ,381,FSH ,382
11741,fsbil,Forreston State Bank,Forreston State Bank,Business,,Forreston,IL,61030,,,,,,,,,,https://www.fsbil.com/,FOR ,380,FOR ,381,FOR ,382
5358,forward-bank,Forward Bank,Forward Bank,Business,,Park Falls,WI,54552,,,,,,,,,,https://www.forward.bank/locations/,PFL ,380,PFL ,381,PFL ,382
11767,freedombnk,FreedomBank,FreedomBank,Business,,Elkader,IA,52043,,,,,,,,,,www.freedombnk.com,KON   ,380,KON   ,381,KON   ,382
,gnbank,GN Bank,GN Bank,All,,Chicago,IL,60653,,,,,,,,,,https://www.gnbank.net/,GNB ,380,GNB ,381,GNB ,382
11623,greenwoods-bank,Greenwoods State Bank,Greenwoods State Bank,All,,Lake Mills,WI,53551,,,,,,,,,,http://www.greenwoods.bank,MON ,380,MON ,381,MON ,382
3677,havanabank,Havana National Bank,Havana National Bank,All,,Havana,IL,62644,,,,,,,,,,http://www.havanabank.com,HAV ,380,HAV ,381,HAV ,382
14809,heartlandbanks,Heartland Bank,Heartland Bank,All,,Somers,IA,50586,,,,,,,,,,www.heartlandbanks.bank,HRT ,380,HRT ,381,HRT ,382
14225,thehomenationalbank,Home National Bank,Home National Bank Of Thorntown,Business,,Thorntown,IN,46071,,,,,,,,,,http://www.thehomenationalbank.com,THO ,380,THO ,381,THO ,382
30248,home-savings,Home Savings Bank,Home Savings Bank,All,,Madison,WI,53703,,,,,,,,,,http://home-savings.com,BHS,380,BHS,381,BHS,382
966,hsbroyal,Home State Bank,Home State Bank,Business,,Royal,IA,51357,,,,,,,,,,www.hsbroyal.com,ROY ,380,ROY ,381,ROY ,382
8165,myhonorbank,Honor Bank,Honor Bank,Business,,Honor,MI,49640,,,,,,,,,,www.myhonorbank.com,HSB ,380,HSB ,381,HSB ,382
19772,incrediblebank,IncredibleBank,IncredibleBank,Business,,Wausau,WI,54401,,,,,,,,,,https://www.incrediblebank.com/,INT  ,380,INT  ,381,INT  ,382
34295,investorscommunitybank,Investors Community Bank,Investors Community Bank,Business,,Manitowoc,WI,54221,,,,,,,,,,http://www.investorscommunitybank.com,TBB ,380,TBB ,381,TBB ,382
18400,iowatrustbank,Iowa Trust And Savings Bank,Iowa Trust And Savings Bank,Business,,Emmetsburg,IA,50536,,,,,,,,,,www.iowatrustbank.com,ITS ,380,ITS ,381,ITS ,382
11317,iukabank,Iuka State Bank,Iuka State Bank,All,,Salem,IL,67881,,,,,,,,,,www.iukabank.com,SAL,380,SAL,381,SAL,382
8761,kerndtbrothers,Kerndt Brothers Savings Bank,Kerndt Brothers Savings Bank,Business,,Lansing,IA,52151,,,,,,,,,,www.kerndtbrothers.com,KER ,380,KER ,381,KER ,382
13712,lsbia-bank,Libertyville Savings Bank,Libertyville Savings Bank,Business,,Fairfield,IA,52556,,,,,,,,,,https://www.lsbia.bank/,LIB ,380,LIB ,381,LIB ,382
4476,loganstatebank,Logan State Bank,Logan State Bank,Business,,Logan,IA,51546,,,,,,,,,,http://www.loganstatebank.com,LOG ,380,LOG ,381,LOG ,382
30585,mayvillesavings,Mayville Savings Bank,Mayville Savings Bank,All,,Mayville,WI,53050,,,,,,,,,,,MAY ,380,MAY ,381,MAY ,382
4432,midwestheritage,Midwest Heritage Bank,Midwest Heritage Bank,All,,West Des Moines,IA,50265,,,,,,,,,,www.mhbank.com,MWH ,380,MWH ,381,MWH ,382
58348,milbnk,Millennium Bank,Millennium Bank,All,,Des Plaines,IL,60016,,,,,,,,,,http://www.milbnk.com,MIL ,380,MIL ,381,MIL ,382
23546,municipalbank,Municipal Trust & Savings Bank,Municipal Trust & Savings Bank,Business,,Bourbonnais,IL,60914,,,,,,,,,,WWW.MUNICIPALBANK.COM,BOU ,380,BOU ,381,BOU ,382
14266,nbcbank,National Bank of Commerce,National Bank of Commerce,All,,Superior,WI,54880,,,,,,,,,,http://www.nbcbanking.com,NBC ,380,NBC ,381,NBC ,382
10044,nebat,National Exchange Bank And Trust,National Exchange Bank And Trust,Business,,Fond Du Lac,WI,54936,,,,,,,,,,https://nebat.com/,INV ,380,INV ,381,INV ,382
18384,banknsb,Northeast Security Bank,Northeast Security Bank,Business,,Sumner,IA,50674,,,,,,,,,,www.bankNSB.com,NSB ,380,NSB ,381,NSB ,382
13784,banknib,"Northern Interstate Bank, NA","Northern Interstate Bank, NA",Business,,Norway,MI,49870,,,,,,,,,,www.banknib.com,NOR ,380,NOR ,381,NOR ,382
16438,nxtbank-net,NXT Bank,NXT Bank,Business,,Central City,IA,52214,,,,,,,,,,www.nxtbank.net,NXT ,380,NXT ,381,NXT ,382
1837,ossianstatebank,Ossian State Bank,Ossian State Bank,All,,Ossian,IN,46777,,,,,,,,,,http://www.ossianstatebank.com,OSS ,380,OSS ,381,OSS ,382
27989,ottawasavings,Ottawa Savings Bank,Ottawa Savings Bank,Business,,Ottawa,IL,61350,,,,,,,,,,https://ottawasavings.com/,OTT ,380,OTT ,381,OTT ,382
30065,peoplesmonticello,Peoples Community Bank SB of Monticello,Peoples Community Bank SB of Monticello,All,,Monticello,IN,47960,,,,,,,,,,https://peoplesmonticello.com/,PBM ,380,PBM ,381,PBM ,382
29384,perufederalsavings,Peru Federal Savings Bank,Peru Federal Savings Bank,All,,Peru,IL,61354,,,,,,,,,,http://www.perufederalsavings.com/,PER ,380,PER ,381,PER ,382
34526,prairiecommunitybank,Prairie Community Bank,Prairie Community Bank,All,,Marengo,IL,60152,,,,,,,,,,,MAR ,380,MAR ,381,MAR ,382
245,raccoonvalleybank,Raccoon Valley Bank,Raccoon Valley Bank,All,,Perry,IA,50220,,,,,,,,,,WWW.RACCOONVALLEYBANK.COM,RVB,380,RVB,381,RVB,382
9300,readlynsavingsbank,Readlyn Savings Bank,Readlyn Savings Bank,All,,Readlyn,IA,50668,,,,,,,,,,www.readlynsavingsbank.com,REA ,380,REA ,381,REA ,382
12978,richwoodbank,Richwood Bank,Richwood Bank,Business,,Richwood,OH,04334,,,,,,,,,,https://richwoodbank.com/,HOM ,380,HOM ,381,HOM ,382
9265,rushvillestatebank,Rushville State Bank,Rushville State Bank,Business,,Rushville,IL,62681,,,,,,,,,,http://www.rushvillestatebank.com,RUS ,380,RUS ,381,RUS ,382
5753,stsb4u,Savanna-Thomson State Bank,Savanna-Thomson State Bank,Business,,Thomson,IL,61285,,,,,,,,,,http://www.stsb4u.com,SAV ,380,SAV ,381,SAV ,382
27723,securitybk,Security Bank SB,Security Bank SB,All,,Springfield,IL,62701,,,,,,,,,,http://www.securitybk.com,SPR,380,SPR,381,SPR,382
28894,secfedbank,Security Federal Savings Bank,Security Federal Savings Bank,All,,Logansport,IN,46947,,,,,,,,,,http://www.secfedbank.com,LGN ,380,LGN ,381,LGN ,382
14208,securitysavingsbank,Security Savings Bank,Security Savings Bank of Gowrie,All,,Gowrie,IA,50543,,,,,,,,,,https://securitysavingsbank.com/,GOW ,380,GOW ,381,GOW ,382
28925,securitysavings,Security Savings Bank,Security Savings Bank of Monmouth,All,,Monmouth,IL,61462,,,,,,,,,,http://www.securitysavings.com,MOU ,380,MOU ,381,MOU ,382
235,mysecuritystate,Security State Bank,Security State Bank of Sutherland,Business,,Sutherland,IA,51058,,,,,,,,,,mysecuritystate.com,SSB ,380,SSB ,381,SSB ,382
15839,bankssb,Security State Bank,Security State Bank of Algona,All,,Algona,IA,50511,,,,,,,,,,www.bankssb.com,ALG ,380,ALG ,381,ALG ,382
18448,ssbonline-biz,Security State Bank,Security State Bank of Radcliffe,All,,Radcliffe,IA,50230,,,,,,,,,,http://www.ssbonline.biz,RAD ,380,RAD ,381,RAD ,382
11702,scs-bank,Shelby County State Bank,Shelby County State Bank,Business,,Shelbyville,IL,62565,,,,,,,,,,http://www.scs-bank.com/,SCS ,380,SCS ,381,SCS ,382
9099,sosb-ia,South Ottumwa Savings Bank,South Ottumwa Savings Bank,Business,,Ottumwa,IA,52501,,,,,,,,,,www.sosb-ia.com,WLS ,380,WLS ,381,WLS ,382
17259,stansgarbank,St Ansgar State Bank,St Ansgar State Bank,Business,,Saint Ansgar,IA,50472,,,,,,,,,,http://www.STANSGARBANK.COM,STS ,380,STS ,381,STS ,382
27664,sterlingfederal,Sterling Federal Bank,Sterling Federal Bank,All,,Sterling,IL,61081,,,,,,,,,,http://www.sterlingfederal.com/,STF ,380,STF ,381,STF ,382
10378,thebankofnewglarus,The Bank Of New Glarus,The Bank Of New Glarus,Consumer,,New Glarus,WI,53574,,,,,,,,,,https://thebankofnewglarus.bank/,NGL ,380,NGL ,381,NGL ,382
,thebankoftioga,The Bank of Tioga,The Bank of Tioga,Business,,Tioga,ND,58852,,,,,,,,,,https://www.thebankoftioga.com/,TIO ,380,TIO ,381,TIO ,382
14907,ibamherst,The International Bank Of Amherst,The International Bank Of Amherst,Business,,Amherst,WI,54406,,,,,,,,,,https://secure.ibamherst.com/,IBA ,380,IBA ,381,IBA ,382
15158,timberwoodbanks,Timberwood Bank,Timberwood Bank,Business,,Tomah,WI,54660,,,,,,,,,,https://www.timberwoodbanks.com/,TIM ,380,TIM ,381,TIM ,382
14812,tsbank,Treynor State Bank,Treynor State Bank,Business,,Treynor,IA,51575,,,,,,,,,,http://www.tsbank.com/,TSB ,380,TSB ,381,TSB ,382
29933,uslabank,Union Savings and Loan,Union Savings and Loan,All,,Connersville,IN,47331,,,,,,,,,,https://www.uslabank.com/,USL ,380,USL ,381,USL ,382
29227,washingtonsavings-net,Washington Savings Bank,Washington Savings Bank,Business,,Effingham,IL,62401,,,,,,,,,,http://www.washingtonsavings.net/,WSH ,380,WSH ,381,WSH ,382
1862,waylandstbank,Wayland State Bank,Wayland State Bank,All,,Mount Pleasant,IA,52641,,,,,,,,,,www.waylandstbank.com,WAY ,380,WAY ,381,WAY ,382
34162,westptebank,West Pointe Bank,West Pointe Bank,Business,,Oshkosh,WI,54903,,,,,,,,,,www.westptebank.com,OSH ,380,OSH ,381,OSH ,382