FDIC Cert,IDRSSD,ABA Routing,Name,Website
58490,3608751,121182056,BENEFICIAL STATE BANK,http://beneficialstatebank.com
4649,972750,101103385,CONWAY BANK,http://conwaybank.net
8274,2747466,81503814,EXCHANGE BANK OF NORTHEAST MISSOURI,http://ebnemo.com/
11319,830645,71107220,"FARMERS BANK OF MT. PULASKI, THE",http://farm-bank.com
25668,656247,73913302,FARMERS SAVINGS BANK,http://frederikabank.com
58405,3592047,122106277,"GOLDWATER BANK, NATIONAL ASSOCIATION",http://goldwaterbank.com
57953,3306280,82908858,LEGACY NATIONAL BANK,http://legacyar.com
46,113937,62203078,MERCHANTS BANK OF ALABAMA,http://merchantsbankal.com
6605,701222,42205009,MERCHANTS NATIONAL BANK,http://merchantsnat.com
6275,173306,11601087,NATIONAL BANK OF MIDDLEBURY,http://nbmvt.com
15216,715032,61211317,PEOPLES BANK,http://ourpeoplesbank.com
13584,358756,101110572,TAMPA STATE BANK,http://s668835442.initial-website.com
29627,460275,236072378,SECOND FEDERAL SAVINGS & LOAN ASSOCIATION OF PHILADELPHIA,http://secondfed.com
432,422657,103112426,SECURITY FIRST NATIONAL BANK OF HUGO,http://sfnb.net/
17690,807946,71122713,SOUTH PORTE BANK,http://southportebank.com
18165,265452,101109321,"STOCKGROWERS STATE BANK, THE",http://stockgrowers.biz
17982,490955,101110763,"WALTON STATE BANK, THE",http://waltonstatebank.com/
29426,258874,291270717,"WORTHINGTON FEDERAL SAVINGS BANK, F.S.B.",http://worthingtonfederalsavings.com
4829,746223,52100466,1880 BANK,http://www.1880bank.com
1673,526452,91404466,1ST FINANCIAL BANK USA,http://www.1fbusa.com
4636,922157,101104863,FIRST HERITAGE BANK,http://www.1hbank.com
4037,984258,103100522,FIRST NATIONAL BANK AND TRUST COMPANY OF ARDMORE,http://www.1nb.com
57899,3317192,81019120,1ST ADVANTAGE BANK,http://www.1stadvantagebank.com
5278,840354,91210922,FIRST FINANCIAL BANK IN WINNEBAGO,http://www.1stbago.com
30367,148470,231271242,1ST BANK OF SEA ISLE CITY,http://www.1stbankseaisle.com
57298,3048487,122105906,1ST BANK YUMA,http://www.1stbankyuma.com
32487,941653,101201601,1ST CAMERON STATE BANK,http://www.1stcameron.com
35456,2920773,31207869,1ST COLONIAL COMMUNITY BANK,http://www.1stcolonial.com
31127,814074,262184515,"FIRST FEDERAL BANK, A FSB",http://www.1stfed.com
31410,535575,253272494,"1ST FEDERAL SAVINGS BANK OF SC, INC.",http://www.1stfederalofsc.com
29135,820879,241271928,"FIRST FEDERAL SAVINGS AND LOAN ASSOCIATION OF VAN WERT, OH",http://www.1stfedvw.com
11348,845443,73921200,FIRST IOWA STATE BANK,http://www.1stiowa.com
58079,3393851,64109031,PUTNAM 1ST MERCANTILE BANK,http://www.1stmerc.net/
3285,613950,111906271,FIRST NATIONAL BANK TEXAS DBA FIRST CONVENIENCE BANK,http://www.1stnb.com
7675,186717,31312929,FIRST NORTHERN BANK AND TRUST COMPANY,http://www.1stnorthernbank.com
20657,670654,92901298,FIRST SECURITY BANK OF DEER LODGE,http://www.1stsecuritydl.com
20479,625056,92901256,FIRST SECURITY BANK OF ROUNDUP,http://www.1stsecurityroundup.com
57626,3223305,72414158,1ST STATE BANK,http://www.1ststatebk.com
31249,350572,291971320,1ST UNITED BANK,http://www.1stunited.com
28445,346771,271170390,FIRST FEDERAL SAVINGS BANK OF CHAMPAIGN-URBANA,http://www.356bank.com
58889,3825080,72414394,ANN ARBOR STATE BANK,http://www.a2sb.com
32257,762773,226072870,ABACUS FEDERAL SAVINGS BANK,http://www.abacusbank.com
9923,6329,53206741,ANDERSON BROTHERS BANK,http://www.abbank.com
30619,416272,253271806,ABBEVILLE FIRST BANK,http://www.abbevillefirst.com
19795,198149,75911713,ABBYBANK,http://www.abbybank.com
24829,959715,31301752,ATLANTIC COMMUNITY BANKERS BANK,http://www.acbb.com
29471,269571,243373280,ARMSTRONG COUNTY BUILDING AND LOAN ASSOCIATION,http://www.acbla.com
58562,3535848,111925744,ACCESSBANK TEXAS,http://www.accessbanktx.com
58484,3463875,113125555,AUSTIN COUNTY STATE BANK,http://www.acsbank.com
660,645317,21302884,"ADIRONDACK TRUST COMPANY, THE",http://www.adirondacktrust.com
8251,94858,101217857,ADRIAN BANK,http://www.adrianbank.com
8822,293352,91203285,ADRIAN STATE BANK,http://www.adrianstatebank.com
18152,438050,103008815,ADVANTAGE BANK,http://www.advantagebank.biz
57072,2927615,107006787,ADVANTAGE BANK,http://www.advantagebanks.com
10647,1014451,104903692,AMERICAN EXCHANGE BANK,http://www.aebank.com
2328,826451,103103668,"AMERICAN EXCHANGE BANK, LINDSAY, OKLAHOMA",http://www.aebank.us
4666,983457,101108319,"ARMED FORCES BANK, NATIONAL ASSOCIATION",http://www.afbank.com
4756,183958,101103356,FIRST NATIONAL BANK AND TRUST,http://www.agbank.com
57025,2960555,112206792,AMERICAN HERITAGE BANK,http://www.ahbnm.com
35455,2897633,42108290,HOMETOWN BANK OF CORBIN INC.,http://www.ahometownbank.com
17622,388744,72405442,ALDEN STATE BANK,http://www.alden.bank
9831,414102,22309611,ALDEN STATE BANK,http://www.aldenstate.com
13080,585235,71911296,ALGONQUIN STATE BANK,http://www.algonquinstatebank.com
11569,176464,111901975,ALLIANCE BANK,http://www.alliancebank.com
12511,21658,91803355,ALLIANCE BANK,http://www.alliancebank.us
34930,2694944,101114798,ALLIANCE BANK,http://www.alliancebankks.com
55130,2140348,71993214,"ALLIED FIRST BANK, SB",http://www.alliedfirst.com
58424,3633173,26014384,ALMA BANK,http://www.almabank.com
15426,224552,101104685,ALMENA STATE BANK,http://www.almenastatebank.com
23091,260055,102103407,ALPINE BANK,http://www.alpinebank.com
27711,777870,231371595,ALTOONA FIRST SAVINGS BANK,http://www.altoonabank.com
18282,354057,113123654,FIRST NATIONAL BANK OF ALVIN,http://www.alvinbank.com
5800,345345,73906131,"AMERICAN BANK, NATIONAL ASSOCIATION",http://www.am-bank.com
35568,2919898,83908323,AMERICAN BANK & TRUST COMPANY INC.,http://www.ambanking.com
5216,716655,91214960,AMERICAN BANK OF THE NORTH,http://www.ambnk.com
20241,807955,114903284,"AMERICAN BANK, NATIONAL ASSOCIATION",http://www.americanbank.com
17906,83834,65205031,AMERICAN BANK & TRUST COMPANY,http://www.americanbankandtrust.net
20311,630555,92901227,AMERICAN BANK,http://www.americanbankmontana.com
15423,568359,81518058,AMERICAN BANK OF MISSOURI,http://www.americanbankofmissouri.com
34788,2734729,122042807,AMERICAN BUSINESS BANK,http://www.americanbusinessbank.com
57686,3272956,61120453,"AMERICAN COMMERCE BANK, NATIONAL ASSOCIATION",http://www.americancommercebank.com
26398,481430,67011977,AMERICAN NATIONAL BANK,http://www.americannationalbank.com
58281,3388482,122244333,AMERICAN RIVIERA BANK,http://www.americanrivierabank.com
15510,508355,103102452,AMERISTATE BANK,http://www.ameristatebank.com
57295,3015939,107007346,AMG NATIONAL TRUST BANK,http://www.amgnational.com
14531,353555,111300958,AMARILLO NATIONAL BANK,http://www.anb.com
22942,764067,111908208,"AMERICAN NATIONAL BANK OF MOUNT PLEASANT, THE",http://www.anbmp.com
4051,146056,103107004,ALLNATIONS BANK,http://www.anbok.com
23474,599764,111901519,"AMERICAN NATIONAL BANK OF TEXAS, THE",http://www.anbtx.com
4208,327556,103106186,ANCHOR D BANK,http://www.anchordbank.com
10858,916343,71110262,ANDERSON STATE BANK,http://www.andersonstatebank.com
18483,410159,91409458,ANDES STATE BANK,http://www.andesstatebank.com
10663,27614,41208719,"ANDOVER BANK, THE",http://www.andoverbankohio.com
17751,132107,211272520,ANDROSCOGGIN SAVINGS BANK,http://www.androscogginbank.com
11682,691743,81219108,ANNA STATE BANK,http://www.annastate.com
29679,527178,265470792,ANTHEM BANK & TRUST,http://www.anthembank.com
14523,91615,41208735,"ANTWERP EXCHANGE BANK COMPANY, THE",http://www.antwerpexchangebank.com
9176,51253,84307761,APEX BANK,http://www.apexbank.com
6051,368522,43308426,APOLLO TRUST COMPANY,http://www.apollotrust.com
737,213912,41208748,"APPLE CREEK BANKING COMPANY, THE",http://www.applecreekbank.com
