No.,Bank Name,Address,Bank Website,Alpha Site,Production Site
1,National Bank of Commerce,"Superior, WI 14266",https://www.nbcbanking.com,https://nbcbank.alpha.mkdecision.com/,https://nbcbank.yourcommunitycard.com/
2,Midwest Heritage Bank,"West Des Moines, IA 4432",https://www.mhbank.com,https://midwestheritage.alpha.mkdecision.com/,https://midwestheritage.yourcommunitycard.com/
3,Bank of Porter,"Porter, IN 12836",http://www.porterstatebank.com,https://porterstatebank.alpha.mkdecision.com/,https://porterstatebank.yourcommunitycard.com/
4,First National Bank,"Hartford, WI 5297",http://www.fnbhartford.com,https://fnb-hartford.alpha.mkdecision.com/,https://fnb-hartford.yourcommunitycard.com/
5,Ossian State Bank,"Ossian, IN 1837",https://ossianstatebank.com/,https://ossianstatebank.alpha.mkdecision.com/,https://ossianstatebank.yourcommunitycard.com
6,Sterling Federal Bank,"Sterling, IL 27664",http://www.sterlingfederal.com/,https://sterlingfederal.alpha.mkdecision.com/,https://sterlingfederal.yourcommunitycard.com/
7,American Bank of Beaver Dam,WI 5283,www.americanbankbd.com,https://americanbankbd.alpha.mkdecision.com/,https://americanbankbd.yourcommunitycard.com/
8,American Savings Bank,"Tripoli, IA 9104",http://www.asbtripoli.com,https://asbtripoli.alpha.mkdecision.com,https://asbtripoli.yourcommunitycard.com
9,Buena Vista National,"Bank Chester, IL 10844",http://www.bvnb.com,https://bvnb.alpha.mkdecision.com/,https://bvnb.yourcommunitycard.com/
10,Community First Bank Of Indiana,"Kokomo, IN 57511",http://www.cfb-kokomo.com,https://cfbindiana.alpha.mkdecision.com/,https://cfbindiana.yourcommunitycard.com/
11,Community State Bank,"Brook, IN 8067",http://www.communitystatebank.com,https://communitystatebank.alpha.mkdecision.com/,https://communitystatebank.yourcommunitycard.com/
12,Heartland Bank,"Somers, IA 14809",www.heartlandbanks.bank,https://heartlandbanks.alpha.mkdecision.com/,https://heartlandbanks.yourcommunitycard.com/
13,Iuka State Bank,"Salem, IL 11317",www.iukabank.com,https://iukabank.alpha.mkdecision.com/,https://iukabank.yourcommunitycard.com/
14,Raccoon Valley Bank,"Perry, IA 245",www.raccoonvalleybank.com,https://raccoonvalleybank.alpha.mkdecision.com/,https://raccoonvalleybank.yourcommunitycard.com/
15,Prairie Community Bank,"Marengo, IL 60152",https://www.prairiecommunitybank.com/,https://prairiecommunitybank.alpha.mkdecision.com/,https://prairiecommunitybank.yourcommunitycard.com/
16,Greenwoods State Bank,"Lake Mills, WI 53551",http://www.greenwoods.bank,https://greenwoods-bank.alpha.mkdecision.com/,https://greenwoods-bank.yourcommunitycard.com/
17,Mayville Savings Bank,"Mayville, WI 53050",https://www.mayvillesavings.com/,https://mayvillesavings.alpha.mkdecision.com/,https://mayvillesavings.yourcommunitycard.com/
18,Algonquin State Bank,Algonquin IL 60102,http://www.algonquinstatebank.com,https://algonquinstatebank.alpha.mkdecision.com,https://algonquinstatebank.yourcommunitycard.com/
19,Apple River State Bank,Apple River IL 61001-3807,www.appleriverstatebank.com,https://appleriverstatebank.alpha.mkdecision.com,https://appleriverstatebank.yourcommunitycard.com/
20,Atkins Savings Bank & Trust,Atkins IA 52206,http://www.atkinssavingsbank.com,https://atkinssavingsbank.alpha.mkdecision.com,https://atkinssavingsbank.yourcommunitycard.com/
21,Capitol Bank,Madison WI 53717,http://www.capitolbank.com,https://capitolbank.alpha.mkdecision.com,https://capitolbank.yourcommunitycard.com/
22,Citizens First Bank,Clinton IA 52732,www.bankatcfb.com,https://bankatcfb.alpha.mkdecision.com,https://bankatcfb.yourcommunitycard.com/
23,Fidelity Bank,West Des Moines IA 50266,www.fidelity-bank.com,https://fidelity-bank.alpha.mkdecision.com,https://fidelity-bank.yourcommunitycard.com/
24,First State Bank of New London,New London WI 54961,www.bankfirststate.com,https://bankfirststate.alpha.mkdecision.com,https://bankfirststate.yourcommunitycard.com/
25,First State Bank of Ida Grove,Ida Grove IA 51445,www.firststbk.com,https://firststbk.alpha.mkdecision.com,https://firststbk.yourcommunitycard.com/
26,First State Bank Of Middlebury,Middlebury IN 46540,bfirst.bank,https://bfirst.alpha.mkdecision.com,https://bfirst.yourcommunitycard.com/
27,Forreston State Bank,Forreston IL 61030,https://www.fsbil.com/,https://fsbil.alpha.mkdecision.com,https://fsbil.yourcommunitycard.com/
28,Havana National Bank,Havana IL 62644,http://www.havanabank.com,https://havanabank.alpha.mkdecision.com,https://havanabank.yourcommunitycard.com/
29,Home National Bank Of Thorntown,Thorntown IN 46071,http://www.thehomenationalbank.com,https://thehomenationalbank.alpha.mkdecision.com,https://thehomenationalbank.yourcommunitycard.com/
30,Home Savings Bank,Madison WI 53703,http://home-savings.com,https://home-savings.alpha.mkdecision.com,https://home-savings.yourcommunitycard.com/
31,Northeast Security Bank,Sumner IA 50674,www.bankNSB.com,https://banknsb.alpha.mkdecision.com,https://banknsb.yourcommunitycard.com/
32,Security Federal Savings Bank,Logansport IN 46947,http://www.secfedbank.com,https://secfedbank.alpha.mkdecision.com,https://secfedbank.yourcommunitycard.com/
33,St Ansgar State Bank,Saint Ansgar IA 50472,http://www.STANSGARBANK.COM,https://stansgarbank.alpha.mkdecision.com,https://stansgarbank.yourcommunitycard.com/
34,Treynor State Bank,Treynor IA 51575,http://www.tsbank.com/,https://tsbank.alpha.mkdecision.com,https://tsbank.yourcommunitycard.com/
35,Wayland State Bank,Mount Pleasant IA 52641-2226,www.waylandstbank.com,https://waylandstbank.alpha.mkdecision.com,https://waylandstbank.yourcommunitycard.com/
36,West Pointe Bank,Oshkosh WI 54903,www.westptebank.com,https://westptebank.alpha.mkdecision.com,https://westptebank.yourcommunitycard.com/
37,Security Savings Bank of Gowrie,Gowrie IA 50543,https://securitysavingsbank.com/,https://securitysavingsbank.alpha.mkdecision.com,https://securitysavingsbank.yourcommunitycard.com/
38,Ottawa Savings Bank,Ottawa IL 61350,https://ottawasavings.com/,https://ottawasavings.alpha.mkdecision.com,https://ottawasavings.yourcommunitycard.com/
39,First National Bank Of Pana,Pana IL 62557,http://www.fnbpana.com,https://fnbpana.alpha.mkdecision.com,https://fnbpana.yourcommunitycard.com/
40,Security Savings Bank of Monmouth,Monmouth IL 61462,http://www.securitysavings.com,https://securitysavings.alpha.mkdecision.com,https://securitysavings.yourcommunitycard.com/
41,Peoples Community Bank SB of Monticello,Monticello IN 47960,https://peoplesmonticello.com/,https://peoplesmonticello.alpha.mkdecision.com,https://peoplesmonticello.yourcommunitycard.com/
42,Ergo Bank,Markesan WI 53946,https://www.ergobank.com/,https://ergobank.alpha.mkdecision.com,https://ergobank.yourcommunitycard.com/
43,The Bank Of New Glarus,New Glarus WI 53574,https://thebankofnewglarus.bank/,https://thebankofnewglarus.alpha.mkdecision.com,https://thebankofnewglarus.yourcommunitycard.com/
44,Timberwood Bank,Tomah WI 54660,https://www.timberwoodbanks.com/,https://timberwoodbanks.alpha.mkdecision.com,https://timberwoodbanks.yourcommunitycard.com/
45,GN Bank,Chicago IL 60653,https://www.gnbank.net/,https://gnbank.alpha.mkdecision.com,https://gnbank.yourcommunitycard.com/
46,Union Savings and Loan,Connersville IN 47331,https://www.uslabank.com/,https://uslabank.alpha.mkdecision.com,https://uslabank.yourcommunitycard.com/
47,American National Bank - Fox Cities,"Appleton, WI 54911",http://www.anbfc.bank,https://anbfc-bank.alpha.mkdecision.com/,https://anbfc-bank.yourcommunitycard.com/
48,Bank Of Calhoun County,"Hardin, IL 62047",http://www.bankofcalhouncounty.com,https://bankofcalhouncounty.alpha.mkdecision.com,https://bankofcalhouncounty.yourcommunitycard.com
49,Cedar Valley Bank & Trust,"La Porte City, IA 50651",www.cedarvalleybank.com,https://cedarvalleybank.alpha.mkdecision.com/,https://cedarvalleybank.yourcommunitycard.com
50,Citizens Savings Bank,"Spillville, IA 52168",www.bankingwithcsb.com,https://bankingwithcsb.alpha.mkdecision.com/,https://bankingwithcsb.yourcommunitycard.com
51,Community State Bank of Southwestern Indiana,"Cynthiana, IN 47612",http://www.csbswin.com/,https://csbswin.alpha.mkdecision.com/,https://csbswin.yourcommunitycard.com
52,Farmers And Merchants State Bank,"Waterloo, WI 53594",www.FandMStBk.com,https://fandmstbk.alpha.mkdecision.com/,https://fandmstbk.yourcommunitycard.com
53,Farmers Trust & Savings Bank,"Earling, IA 51530",http://www.ftnsbank.net,https://ftnsbank-net.alpha.mkdecision.com/,https://ftnsbank-net.yourcommunitycard.com
54,First American Bank,"Elk Grove Village, IL 60007",http://www.firstambank.com,https://firstambank.alpha.mkdecision.com/,https://firstambank.yourcommunitycard.com
55,First Federal Savings Bank,"Rochester, IN 46975",http://www.firstfederalbanking.com,https://firstfederalbanking.alpha.mkdecision.com,https://firstfederalbanking.yourcommunitycard.com
56,First Independence Bank,"Detroit, MI 48202",http://www.firstindependence.com,https://firstindependence.alpha.mkdecision.com/,https://firstindependence.yourcommunitycard.com
57,First National Bank & Trust,"Clinton, IL 61727",http://www.fnbclinton.com,https://fnbclinton.alpha.mkdecision.com,https://fnbclinton.yourcommunitycard.com
58,First National Bank In Tigerton,"Tigerton, WI 54486",http://www.bank1stnational.com,https://bank1stnational.alpha.mkdecision.com,https://bank1stnational.yourcommunitycard.com
59,First National Bank Of Monterey,"Monterey, IN 46960",http://www.fnbmonterey.com,https://fnbmonterey.alpha.mkdecision.com,https://fnbmonterey.yourcommunitycard.com
60,First State Bank,"Nashua, IA 50658",http://WWW.FSB-NASHUA.COM,https://fsb-nashua.alpha.mkdecision.com,https://fsb-nashua.yourcommunitycard.com
61,Fisher National Bank,"Fisher, IL 61843",http://www.fishernational.com,https://fishernational.alpha.mkdecision.com,https://fishernational.yourcommunitycard.com
62,Home State Bank,"Royal, IA 51357",www.hsbroyal.com,https://hsbroyal.alpha.mkdecision.com/,https://hsbroyal.yourcommunitycard.com
63,Honor Bank,"Honor, MI 49640",www.myhonorbank.com,https://myhonorbank.alpha.mkdecision.com,https://myhonorbank.yourcommunitycard.com
64,Investors Community Bank,"Manitowoc, WI 54221",http://www.investorscommunitybank.com,https://investorscommunitybank.alpha.mkdecision.com,https://investorscommunitybank.yourcommunitycard.com
65,Iowa Trust And Savings Bank,"Emmetsburg, IA 50536",www.iowatrustbank.com,https://iowatrustbank.alpha.mkdecision.com,https://iowatrustbank.yourcommunitycard.com
66,Kerndt Brothers Savings Bank,"Lansing, IA 52151",www.kerndtbrothers.com,https://kerndtbrothers.alpha.mkdecision.com,https://kerndtbrothers.yourcommunitycard.com
67,Logan State Bank,"Logan, IA 51546",http://www.loganstatebank.com,https://loganstatebank.alpha.mkdecision.com,https://loganstatebank.yourcommunitycard.com
68,Municipal Trust & Savings Bank,"Bourbonnais, IL 60914",WWW.MUNICIPALBANK.COM,https://municipalbank.alpha.mkdecision.com,https://municipalbank.yourcommunitycard.com
69,"Northern Interstate Bank, NA","Norway, MI 49870",www.banknib.com,https://banknib.alpha.mkdecision.com/,https://banknib.yourcommunitycard.com
70,NXT Bank,"Central City, IA 52214-0502",www.nxtbank.net,https://nxtbank-net.alpha.mkdecision.com/,https://nxtbank-net.yourcommunitycard.com
71,Readlyn Savings Bank,"Readlyn, IA 50668",www.readlynsavingsbank.com,https://readlynsavingsbank.alpha.mkdecision.com,https://readlynsavingsbank.yourcommunitycard.com
72,Rushville State Bank,"Rushville, IL 62681",http://www.rushvillestatebank.com,https://rushvillestatebank.alpha.mkdecision.com/,https://rushvillestatebank.yourcommunitycard.com
73,Savanna-Thomson State Bank,"Thomson, IL 61285-0367",http://www.stsb4u.com,https://stsb4u.alpha.mkdecision.com/,https://stsb4u.yourcommunitycard.com
74,Security Bank SB,"Springfield, IL 62701",http://www.securitybk.com,https://securitybk.alpha.mkdecision.com,https://securitybk.yourcommunitycard.com
75,Security State Bank,"Sutherland, IA 51058",mysecuritystate.com,https://mysecuritystate.alpha.mkdecision.com/,https://mysecuritystate.yourcommunitycard.com
76,Security State Bank,"Algona, IA 50511",www.bankssb.com,https://bankssb.alpha.mkdecision.com/,https://bankssb.yourcommunitycard.com
77,Security State Bank,"Radcliffe, IA 50230",http://www.ssbonline.biz,https://ssbonline-biz.alpha.mkdecision.com/,https://ssbonline-biz.yourcommunitycard.com
78,Shelby County State Bank,"Shelbyville, IL 62565",http://www.scs-bank.com/,https://scs-bank.alpha.mkdecision.com/,https://scs-bank.yourcommunitycard.com
79,South Ottumwa Savings Bank,"Ottumwa, IA 52501",www.sosb-ia.com,https://sosb-ia.alpha.mkdecision.com/,https://sosb-ia.yourcommunitycard.com
80,Abby Bank,"Abbotsford, WI 54405",https://www.abbybank.com,https://abbybank.alpha.mkdecision.com/,https://abbybank.yourcommunitycard.com
81,The Bank of Tioga,"Tioga, ND 58852-0429",https://www.thebankoftioga.com/,https://thebankoftioga.alpha.mkdecision.com,https://thebankoftioga.yourcommunitycard.com
82,The International Bank Of Amherst,"Amherst, WI 54406",https://secure.ibamherst.com/,https://ibamherst.alpha.mkdecision.com/,https://ibamherst.yourcommunitycard.com
83,Washington Savings Bank,"Effingham, IL 62401",http://www.washingtonsavings.net/,https://washingtonsavings-net.alpha.mkdecision.com/,https://washingtonsavings-net.yourcommunitycard.com
84,FreedomBank,"Elkader, IA 52043",www.freedombnk.com,https://freedombnk.alpha.mkdecision.com/,https://freedombnk.yourcommunitycard.com
85,Libertyville Savings Bank,"Fairfield, IA 52556",https://www.lsbia.bank/,https://lsbia-bank.alpha.mkdecision.com/,https://lsbia-bank.yourcommunitycard.com
86,Millennium Bank,"Des Plaines, IL 60016",http://www.milbnk.com,https://milbnk.alpha.mkdecision.com,https://milbnk.yourcommunitycard.com
87,First National Bank Of Okawville,"Okawville, IL 62271",http://www.fnbokaw.com,https://fnbokaw.alpha.mkdecision.com,https://fnbokaw.yourcommunitycard.com
88,Peru Federal Savings Bank,"Peru, IL 61354",http://www.perufederalsavings.com/,https://perufederalsavings.alpha.mkdecision.com,https://perufederalsavings.yourcommunitycard.com
89,First Savings Bank,"Clarksville, IN 47129",http://www.fsbbank.net/,https://fsbbank-net.alpha.mkdecision.com/,https://fsbbank-net.yourcommunitycard.com
90,First National Bank Ames,"Ames, IA 50010",https://www.fnb247.com/,https://fnb247.alpha.mkdecision.com/,https://fnb247.yourcommunitycard.com
91,Ashton State Bank,"Ashton, IA 51232",https://ashtonstatebank.com/,https://ashtonstatebank.alpha.mkdecision.com,https://ashtonstatebank.yourcommunitycard.com
92,First Whitney Bank And Trust,"Atlantic, IA 50022",www.firstwhitneybank.com,https://firstwhitneybank.alpha.mkdecision.com/,https://firstwhitneybank.yourcommunitycard.com
93,Bridge Community Bank,"Mechanicsville, IA 52306",https://www.bridge.bank/,https://bridge-bank.alpha.mkdecision.com/,https://bridge-bank.yourcommunitycard.com
94,American State Bank,"Sioux Center, IA 51250",https://www.ambankiowa.com/,https://ambankiowa.alpha.mkdecision.com/,https://ambankiowa.yourcommunitycard.com
95,Farmers State Bank,"Yale, IA 50277",https://secure.yalebankiowa.com/Pages/Default.html,http://yalebankiowa.alpha.mkdecision.com/,https://yalebankiowa.yourcommunitycard.com
96,Blackhawk Bank,"Beloit, WI 53511",www.blackhawkbank.com,https://blackhawkbank-bbow.alpha.mkdecision.com,https://blackhawkbank-bbow.yourcommunitycard.com
97,Community First Bank,"Boscobel, WI 53805",https://www.cfbank.com/,https://cfbank.alpha.mkdecision.com/,https://cfbank.yourcommunitycard.com
98,National Exchange Bank And Trust,"Fond Du Lac, WI 54936",https://nebat.com/,https://nebat.alpha.mkdecision.com/,https://nebat.yourcommunitycard.com
99,Bank First NA,"Manitowoc, WI 54221",https://bankfirstwi.bank,https://bankfirstwi-bank.alpha.mkdecision.com/,https://bankfirstwi-bank.yourcommunitycard.com
100,Forward Bank,"Park Falls, WI 54552",https://www.forward.bank/locations/,https://forward-bank.alpha.mkdecision.com,https://forward-bank.yourcommunitycard.com
101,IncredibleBank,"Wausau, WI 54401",https://www.incrediblebank.com/,https://incrediblebank.alpha.mkdecision.com,https://incrediblebank.yourcommunitycard.com
102,Citizens Community Federal,"Tomah, WI 54660",https://www.ccf.us/,https://ccf-us.alpha.mkdecision.com/,https://ccf-us.yourcommunitycard.com
103,Richwood Bank,"Richwood, OH 04334",https://richwoodbank.com/,https://richwoodbank.alpha.mkdecision.com,https://richwoodbank.yourcommunitycard.com