No.,Bank Name,Address,Bank Website,Alpha Site,Production Site
1,National Bank of Commerce,"Superior, WI 14266",https://www.nbcbanking.com,https://nbcbank.alpha.mkdecision.com/,https://nbcbank.yourcommunitycard.com/
2,Midwest Heritage Bank,"West Des Moines, IA 4432",https://www.mhbank.com,https://midwestheritage.alpha.mkdecision.com/,https://midwestheritage.yourcommunitycard.com/
3,Bank of Porter,"Porter, IN 12836",http://www.porterstatebank.com,https://porterstatebank.alpha.mkdecision.com/,https://porterstatebank.yourcommunitycard.com/
5,Ossian State Bank,"Ossian, IN 1837",https://ossianstatebank.com/,https://ossianstatebank.alpha.mkdecision.com/,https://ossianstatebank.yourcommunitycard.com
8,American Savings Bank,"Tripoli, IA 9104",http://www.asbtripoli.com,https://asbtripoli.alpha.mkdecision.com,https://asbtripoli.yourcommunitycard.com
9,Buena Vista National,"Bank Chester, IL 10844",http://www.bvnb.com,https://bvnb.alpha.mkdecision.com/,https://bvnb.yourcommunitycard.com/
12,Heartland Bank,"Somers, IA 14809",www.heartlandbanks.bank,https://heartlandbanks.alpha.mkdecision.com/,https://heartlandbanks.yourcommunitycard.com/
17,Mayville Savings Bank,"Mayville, WI 53050",https://www.mayvillesavings.com/,https://mayvillesavings.alpha.mkdecision.com/,https://mayvillesavings.yourcommunitycard.com/
30,Home Savings Bank,Madison WI 53703,http://home-savings.com,https://home-savings.alpha.mkdecision.com,https://home-savings.yourcommunitycard.com/
39,First National Bank Of Pana,Pana IL 62557,http://www.fnbpana.com,https://fnbpana.alpha.mkdecision.com,https://fnbpana.yourcommunitycard.com/